id,type,name,aliases,region,state,city,lat,lon,facets,what,root,kin,sources,tier,confidence,needs_verification,updated,url
bay-area-late-counter,style,The all-night counter,24-hour donut shop|the late window,bay-area|socal,CA,,,,"{""dough"": ""both"", ""counter"": ""coffee-only"", ""state"": ""CA""}","A shop that never closes, or opens again at midnight: bar traffic, night shifts, students, and whoever else is out.",,bobs-donuts|seaside-donuts|randys-donuts|the-2am-shift,s:wp-bob-s-donuts|s:wp-seaside-donuts-bakery|s:wp-randy-s-donuts,cited,high,False,2026-09-16,https://nanobotco.github.io/pink-box/style/bay-area-late-counter/
chicago-polish-bakery,style,The Polish bakery counter,paczki counter|Chicago Polish bakery,chicago|detroit|upper-midwest,IL,,,,"{""state"": ""IL"", ""dough"": ""yeast"", ""counter"": ""donuts-only""}","A Polish-American bakery selling pączki — rich filled donuts, powidła or rose-petal jam inside, powdered or glazed — beside rye bread and coffee cake. One day a year it is the only thing anyone is there for.",,paczki|paczki-day|pennsylvania-fastnacht,s:wp-p-czki|s:wp-doughnut|s:wp-hamtramck-michigan,cited,high,False,2026-09-16,https://nanobotco.github.io/pink-box/style/chicago-polish-bakery/
delta-grocery-counter,style,The Delta grocery counter,Chinese grocery counter,mississippi-delta|chinese-american|the-south,,,,,"{""dough"": ""cake"", ""counter"": ""fried-rice""}","A small family grocery in the Mississippi or Arkansas Delta with a hot counter — and, in some of them, donuts fried in the morning beside the rest of the cooking.",,fried-rice|why-the-egg-rolls|cake-donut,s:wp-chinese-americans-in-the-mississippi-delta,cited,medium,True,2026-09-16,https://nanobotco.github.io/pink-box/style/delta-grocery-counter/
dunkin-country,style,Dunkin' country,New England coffee-and-donut|the regular,new-england,MA,,,,"{""state"": ""MA"", ""dough"": ""both"", ""counter"": ""coffee-only""}","Coffee first, donut second, at a counter that measures itself in how fast the line moves. The New England model, and the one the rest of the country meets as a drive-thru.",,dunkin|bill-rosenberg|allies-donuts|donuts-per-capita,s:wp-dunkin-donuts|s:wp-doughnut-shop,cited,high,False,2026-09-16,https://nanobotco.github.io/pink-box/style/dunkin-country/
hawaii-malasada,style,The malasada counter,Hawaiian donut shop,hawaii,HI,,,,"{""state"": ""HI"", ""dough"": ""yeast"", ""counter"": ""donuts-only""}","A bakery counter in Hawaii selling malasadas — no hole, no filling by default, rolled in sugar — by the dozen in a box or hot by the piece in a bag.",,malasada|leonards-bakery|malasada-day|mochi-donut,s:wp-malassada|s:wp-leonard-s-bakery,cited,high,False,2026-09-16,https://nanobotco.github.io/pink-box/style/hawaii-malasada/
louisiana-beignet,style,The beignet stand,New Orleans beignet|the Quarter counter,louisiana,LA,,,,"{""state"": ""LA"", ""dough"": ""choux"", ""counter"": ""coffee-only""}","An open-air or walk-up counter selling square fried dough under powdered sugar, three to an order, with coffee cut with chicory beside it.",,beignet|cafe-du-monde|chicory-coffee|french-cruller,s:wp-beignet|s:wp-caf-du-monde,cited,high,False,2026-09-16,https://nanobotco.github.io/pink-box/style/louisiana-beignet/
new-england-cider,style,The orchard window,cider donut stand|farm stand donuts,new-england|upstate-ny,,,,,"{""dough"": ""cake"", ""counter"": ""donuts-only""}","A seasonal counter at a cider mill, orchard or farm stand, running one machine and one product: cake donuts with cider in the batter, sugared and handed over hot in a paper bag.",,cider-donut|adolph-levitt|orchard-season|doughnut-corporation-of-america|cake-donut,s:wp-cider-doughnut,cited,high,False,2026-09-16,https://nanobotco.github.io/pink-box/style/new-england-cider/
new-mexico-burrito-counter,style,The Southwest burrito counter,donuts and breakfast burritos,new-mexico|southwest,NM,,,,"{""state"": ""NM"", ""dough"": ""both"", ""counter"": ""breakfast-burritos""}","A donut shop in New Mexico, Arizona or west Texas that also wraps breakfast burritos to order: scrambled egg, potato, cheese and chile in a flour tortilla, sold at the same window as the glazed.",,breakfast-burrito|socal-pink-box|why-the-egg-rolls|the-counter,s:wp-breakfast-burrito,cited,medium,True,2026-09-16,https://nanobotco.github.io/pink-box/style/new-mexico-burrito-counter/
novelty-donut-shop,style,The novelty shop,concept donut shop|the topping arms race,pacific-northwest|us,,,,,"{""dough"": ""yeast"", ""counter"": ""donuts-only""}","A shop that competes on invention: unusual toppings, themed rooms, names that are jokes, and a queue that photographs its order.",,voodoo-doughnut|psycho-donuts|doughnut-plant|the-price-of-a-dozen,s:wp-voodoo-doughnut|s:wp-psycho-donuts|s:wp-doughnut-plant,cited,high,False,2026-09-16,https://nanobotco.github.io/pink-box/style/novelty-donut-shop/
nyc-bodega-donut,style,The New York corner counter,bodega donut|deli donut|Greek coffee shop donut,nyc|greek-american,NY,,,,"{""state"": ""NY"", ""dough"": ""both"", ""counter"": ""bodega-sandwiches""}","Donuts sold from a deli, bodega or coffee shop rather than a donut shop: a tray by the register, a grill behind the counter, and a bacon egg and cheese on a kaiser roll doing most of the business.",,bacon-egg-and-cheese|anthora-cup|doughnut-plant|the-counter,s:wp-bodega|s:wp-bacon-egg-and-cheese-sandwich|s:wp-greek-americans|s:wp-anthora,cited,medium,False,2026-09-16,https://nanobotco.github.io/pink-box/style/nyc-bodega-donut/
pennsylvania-fastnacht,style,Fastnacht Day in the Dutch counties,Pennsylvania Dutch fastnacht|Fasnacht Day,pennsylvania-dutch,PA,,,,"{""state"": ""PA"", ""dough"": ""potato"", ""counter"": ""donuts-only""}","One pastry, one day. Potato-dough donuts, square or diamond cut, fried for Shrove Tuesday and eaten with butter or golden syrup, sold by bakeries, churches, fire halls and — in eastern Pennsylvania — most chain supermarkets.",,fastnacht|fastnacht-day|paczki|spudnut,s:wp-fasnacht-doughnut,cited,high,False,2026-09-16,https://nanobotco.github.io/pink-box/style/pennsylvania-fastnacht/
socal-pink-box,style,The Southern California pink box,the pink box shop|SoCal independent donut shop|Cambodian-American donut shop,socal|cambodian-american|us,CA,,,,"{""state"": ""CA"", ""dough"": ""both"", ""counter"": ""egg-rolls""}","An independent counter, usually in a strip mall, usually open before five in the morning, frying both doughs in one small kitchen and selling them out of a matte pink box. Glazed raised, cake rings, buttermilk bars, fritters, bear claws, maple bars, holes in a bag. Coffee in a paper cup. Often, on the same board: egg rolls, croissant sandwiches, chow mein, boba, or a breakfast burrito.",,ted-ngoy|ning-yen|christys-donuts|pink-box|egg-roll|the-donut-king|why-the-egg-rolls|glazed-raised|buttermilk-bar|randys-donuts|winchells|the-2am-shift,s:wp-ted-ngoy|s:wp-cambodian-americans|s:kqed-donuts-chinese|s:wp-doughnut-shop,cited,high,False,2026-09-16,https://nanobotco.github.io/pink-box/style/socal-pink-box/
southern-hot-now,style,The hot light,Hot Now|the Southern glazed,the-south|us,NC,,,,"{""state"": ""NC"", ""dough"": ""yeast"", ""counter"": ""donuts-only""}","A glazed raised ring handed over hot, minutes out of the fryer, with the glaze still moving. Built around a window you can watch the line through, and a lit sign that says the fryer is running.",,krispy-kreme|hot-now|glazed-raised|the-2am-shift|vernon-rudolph,s:wp-krispy-kreme,cited,high,False,2026-09-16,https://nanobotco.github.io/pink-box/style/southern-hot-now/
texas-kolache-counter,style,The Texas kolache counter,kolache shop|donut and kolache,texas|houston,TX,,,,"{""state"": ""TX"", ""dough"": ""both"", ""counter"": ""kolaches""}","A donut counter that also sells kolaches — and, in Texas, mostly klobasniky: sausage, ham, egg, cheese or jalapeño wrapped in sweet kolache dough. Sold from gas stations, strip-mall shops and dedicated kolache bakeries across the state, well outside the Czech settlement belt.",,kolache|klobasnek|czech-stop|round-rock-donuts|why-the-egg-rolls|the-counter,s:wp-klob-sn-k|s:wp-west-texas|s:wp-kolach-cake,cited,high,False,2026-09-16,https://nanobotco.github.io/pink-box/style/texas-kolache-counter/
tulsa-mix-shop,style,The mix-and-sign shop,Daylight shop|franchise-flour independent,us|texas|the-south,,,,,"{""dough"": ""both"", ""counter"": ""kolaches""}",An independently owned shop trading under a shared name and buying its dry mix from one supplier. It looks like a chain from the road and is not one at the till.,,daylight-donuts|spudnut|what-is-a-mom-and-pop|cake-batter,s:wp-daylight-donuts|s:wp-spudnut-shops,cited,high,False,2026-09-16,https://nanobotco.github.io/pink-box/style/tulsa-mix-shop/
apple-fritter,donut,Apple fritter,fritter,us,,,,,"{""dough"": ""yeast"", ""finish"": ""glazed""}","Chopped apple and cinnamon folded through raised dough, torn rather than cut, fried craggy and glazed all over so the sugar catches in every fold. No two come out the same shape.",,glazed-raised|cider-donut|bear-claw|glaze-table,s:wp-fritter|s:wp-doughnut,cited,high,False,2026-09-16,https://nanobotco.github.io/pink-box/donut/apple-fritter/
bavarian-cream,donut,Bavarian cream,custard-filled|cream-filled|Boston cream (when chocolate-topped),us,,,,,"{""dough"": ""yeast"", ""finish"": ""filled""}","A raised round with no hole, filled with a set custard — Bavarian cream is custard lightened with whipped cream and held with gelatin — and finished in sugar, or iced with chocolate, at which point most counters call it a Boston cream.",,bismarck|filling-injector|long-john|day-old,s:wp-bavarian-cream|s:wp-jelly-doughnut|s:wp-custard|s:fdc-sr-legacy,cited,high,False,2026-09-16,https://nanobotco.github.io/pink-box/donut/bavarian-cream/
bear-claw,donut,Bear claw,bearclaw,socal|sacramento|us,,,,,"{""dough"": ""yeast"", ""finish"": ""iced""}","A sweet yeast dough — bread dough carrying more shortening than usual — filled with almond paste and sometimes raisins, shaped in a semicircle with slices cut along the curved edge so the sections separate as it proofs, into toes.",,apple-fritter|glazed-raised|socal-pink-box,s:wp-bear-claw,cited,high,False,2026-09-16,https://nanobotco.github.io/pink-box/donut/bear-claw/
beignet,donut,Beignet,French-style beignet|New Orleans beignet,louisiana,LA,,,,"{""dough"": ""choux"", ""finish"": ""powdered"", ""state"": ""LA""}","A deep-fried pastry of French origin, in New Orleans a square of dough fried until it puffs hollow and buried in confectioner's sugar. Beignet means bump.",,cafe-du-monde|louisiana-beignet|french-cruller|powdered-sugar,s:wp-beignet|s:wp-doughnut,cited,high,False,2026-09-16,https://nanobotco.github.io/pink-box/donut/beignet/
bismarck,donut,Bismarck,bismark|jelly donut|filled donut|Berliner,upper-midwest|us,,,,,"{""dough"": ""yeast"", ""finish"": ""filled""}","A round raised donut with no hole, fried, then injected with fruit preserve, custard or cream and finished in sugar or icing.",,bavarian-cream|paczki|sufganiyah|filling-injector|glazed-raised,s:wp-jelly-doughnut|s:wp-berliner-doughnut|s:wp-doughnut|s:fdc-sr-legacy,cited,high,False,2026-09-16,https://nanobotco.github.io/pink-box/donut/bismarck/
buttermilk-bar,donut,Buttermilk bar,buttermilk donut,socal|us,,,,,"{""dough"": ""cake"", ""finish"": ""glazed""}","Cake batter cut in a bar rather than a ring, fried so it splits open along the top, and glazed heavily enough that the glaze runs into the split.",,old-fashioned|cake-donut|socal-pink-box,s:wp-cake-doughnut,tradition,medium,True,2026-09-16,https://nanobotco.github.io/pink-box/donut/buttermilk-bar/
cake-donut,donut,Cake donut,fry cake|cake-type|chemical-leavened donut,us,,,,,"{""dough"": ""cake"", ""finish"": ""sugared""}","A ring of thick batter, not dough, raised by baking powder or soda rather than yeast and dropped straight into the fat from a depositor. It is denser, shorter and smaller than a raised ring — cake rings run 24 to 28 grams against the raised ring's 38 — and it takes sugar, cinnamon sugar or a heavy icing better than it takes a thin glaze.",,glazed-raised|old-fashioned|cake-batter|cider-donut|buttermilk-bar|cake-against-raised|fry-cake|the-fryer,s:wp-cake-doughnut|s:wp-doughnut|s:wp-old-fashioned-doughnut|s:fdc-sr-legacy,cited,high,False,2026-09-16,https://nanobotco.github.io/pink-box/donut/cake-donut/
chocolate-cake,donut,Chocolate cake,devil's food|chocolate old-fashioned,us,,,,,"{""dough"": ""cake"", ""finish"": ""glazed""}","A cake ring with cocoa in the batter, glazed or sugared. Dark, dense, and sweeter than the plain cake ring on the published numbers.",,cake-donut|old-fashioned|cake-against-raised,s:wp-cake-doughnut|s:fdc-sr-legacy,cited,high,False,2026-09-16,https://nanobotco.github.io/pink-box/donut/chocolate-cake/
cider-donut,donut,Cider donut,apple cider doughnut,new-england|upstate-ny|upper-midwest,,,,,"{""dough"": ""cake"", ""finish"": ""sugared""}","An American cake donut flavoured with apple cider, cinnamon and nutmeg in the batter, usually rolled in cinnamon or granulated sugar. Denser and moister than a plain cake ring because the cider is in the batter, not on it.",,cake-donut|apple-fritter|orchard-season|new-england-cider|adolph-levitt,s:wp-cider-doughnut,cited,high,False,2026-09-16,https://nanobotco.github.io/pink-box/donut/cider-donut/
donut-holes,donut,Donut holes,holes|munchkins|donut bites,us,,,,,"{""dough"": ""both"", ""finish"": ""sugared""}","The centres cut out of ring donuts, fried and sold by the bag — or, more often now, made on purpose from the same dough or batter and never cut from anything.",,glazed-raised|hole|cake-donut,s:wp-donut-hole|s:wp-doughnut|s:fdc-sr-legacy,cited,high,False,2026-09-16,https://nanobotco.github.io/pink-box/donut/donut-holes/
fastnacht,donut,Fastnacht,fasnacht|faschnacht|fosnaught|kinkling,pennsylvania-dutch,PA,,,,"{""dough"": ""potato"", ""finish"": ""sugared"", ""state"": ""PA""}","A Pennsylvania Dutch fried donut, often made with potato dough, eaten in the days of Carnival and above all on Shrove Tuesday. Square or diamond cut, sometimes with a slit rather than a hole, sometimes plain, sometimes dusted with table sugar.",,fastnacht-day|paczki|spudnut|pennsylvania-fastnacht,s:wp-fasnacht-doughnut,cited,high,False,2026-09-16,https://nanobotco.github.io/pink-box/donut/fastnacht/
french-cruller,donut,French cruller,cruller|kruller,us,,,,,"{""dough"": ""choux"", ""finish"": ""glazed""}","A ring extruded from choux paste — flour cooked into butter and water, then beaten with eggs — piped through a star tip so it fries up ridged and hollow, and glazed thin. No yeast, no baking powder: steam lifts it.",,cake-donut|glazed-raised|the-fryer|cruller-word,s:wp-cruller|s:fdc-sr-legacy,cited,high,False,2026-09-16,https://nanobotco.github.io/pink-box/donut/french-cruller/
glazed-raised,donut,Glazed raised,raised glazed|yeast glazed|the glazed|plain glazed,us,,,,,"{""dough"": ""yeast"", ""finish"": ""glazed""}","A ring of yeast dough, proofed until it is full of gas, fried about two and a half minutes, then dragged through a thin sugar glaze while it is still hot enough to melt it. The glaze sets into a shell you can hear. Yeast-raised rings run larger and taller than cake rings and average around 38 grams apiece.",,cake-donut|yeast-raise|glaze-table|hole|donut-holes|maple-bar|socal-pink-box|cake-against-raised|hot-now,s:wp-doughnut|s:wp-cake-doughnut|s:wp-doughnut-shop|s:fdc-sr-legacy,cited,high,False,2026-09-16,https://nanobotco.github.io/pink-box/donut/glazed-raised/
long-john,donut,Long John,bar|finger doughnut|cream stick|éclair (as sold),upper-midwest|texas|us,,,,,"{""dough"": ""yeast"", ""finish"": ""iced""}","A bar-shaped raised donut, glazed all over or iced on top, sometimes filled with custard or cream.",,maple-bar|bismarck|bar-or-long-john|filling-injector,s:wp-long-john-doughnut,cited,high,False,2026-09-16,https://nanobotco.github.io/pink-box/donut/long-john/
malasada,donut,Malasada,malassada|Hawaiian donut|filhós (related),hawaii|us,HI,,,,"{""dough"": ""yeast"", ""finish"": ""sugared"", ""state"": ""HI""}","A flattened round of yeasted dough, fried and rolled in sugar — cinnamon sugar, often — with no hole and traditionally no filling. Portuguese from Madeira; Hawaiian by adoption, and the islands sell more of them than anywhere on the mainland.",,leonards-bakery|hawaii-malasada|malasada-day|bismarck|paczki,s:wp-malassada,cited,high,False,2026-09-16,https://nanobotco.github.io/pink-box/donut/malasada/
maple-bar,donut,Maple bar,maple log|maple long john|maple creamstick|maple bismarck,pacific-northwest|socal|us,,,,,"{""dough"": ""yeast"", ""finish"": ""iced""}","A bar of raised dough, fried, then topped end to end with maple-flavoured icing. Sometimes filled with custard or cream; sometimes finished with chopped bacon, which is a newer idea and an argued one.",,long-john|glazed-raised|bar-or-long-john|socal-pink-box,s:wp-long-john-doughnut,cited,high,False,2026-09-16,https://nanobotco.github.io/pink-box/donut/maple-bar/
mochi-donut,donut,Mochi donut,pon de ring|poi mochi,hawaii|socal|us,,,,,"{""dough"": ""other"", ""finish"": ""iced""}","A chewy donut made with glutinous rice flour or tapioca flour, usually formed as a ring of eight connected balls that pull apart. Moist, springy, and heavier in the hand than it looks.",,mochinut|cake-donut|hawaii-malasada,s:wp-mochi-donut|s:wp-mochinut,cited,high,False,2026-09-16,https://nanobotco.github.io/pink-box/donut/mochi-donut/
old-fashioned,donut,Old-fashioned,old fashioned|sour cream old-fashioned|fry cake,us,,,,,"{""dough"": ""cake"", ""finish"": ""glazed""}","A cake ring with a cracked surface and tapered edges, glazed or sugared so the glaze pools in the cracks. The crack is the point: more surface, crisper edge, and a ring that holds up to coffee longer than a raised one.",,cake-donut|buttermilk-bar|fry-cake|the-fryer|cake-against-raised|glaze-table,s:wp-old-fashioned-doughnut|s:wp-cake-doughnut|s:fdc-sr-legacy,cited,high,False,2026-09-16,https://nanobotco.github.io/pink-box/donut/old-fashioned/
paczki,donut,Pączki,paczki|punchki|pączek (sing.),chicago|detroit|upper-midwest,,,,,"{""dough"": ""yeast"", ""finish"": ""filled""}","A Polish filled donut: a flattened ball of rich dough — eggs, fat, sugar, yeast, sometimes milk — deep fried, filled with jam or cream, and finished in powdered sugar, icing, glaze or dried orange zest.",,paczki-day|bismarck|fastnacht|chicago-polish-bakery,s:wp-p-czki,cited,high,False,2026-09-16,https://nanobotco.github.io/pink-box/donut/paczki/
spudnut,donut,Spudnut,potato donut,utah|mountain-west|us,,,,,"{""dough"": ""potato"", ""finish"": ""glazed""}","A donut made with potato flour or mashed potato in the dough. Softer crumb, longer shelf life, and a faint savoury note under the sugar.",,fastnacht|glazed-raised|the-franchise-that-vanished|neon-donut,s:wp-spudnut-shops,cited,high,False,2026-09-16,https://nanobotco.github.io/pink-box/donut/spudnut/
sufganiyah,donut,Sufganiyah,sufganiyot|Hanukkah donut,nyc|us,,,,,"{""dough"": ""yeast"", ""finish"": ""filled""}","A round filled donut, traditionally red jelly with icing sugar on top, eaten at Hanukkah. Dulce de leche fillings became common after South American immigration to Israel early in this century.",,bismarck|paczki|filling-injector,s:wp-sufganiyah|s:wp-jelly-doughnut,cited,high,False,2026-09-16,https://nanobotco.github.io/pink-box/donut/sufganiyah/
bacon-egg-and-cheese,dish,"Bacon, egg and cheese",BEC|baconeggandcheese|bodega sandwich,nyc,NY,,,,"{""course"": ""breakfast"", ""state"": ""NY""}","Bacon, fried or scrambled egg and cheese on bread — in New York City, on a kaiser roll. About 20 grams of fat and 350 calories in a typical one.",,nyc-bodega-donut|anthora-cup|the-counter,s:wp-bacon-egg-and-cheese-sandwich|s:wp-bodega,cited,high,False,2026-09-16,https://nanobotco.github.io/pink-box/dish/bacon-egg-and-cheese/
biscuits-and-gravy,dish,Biscuits and gravy,,the-south|us,,,,,"{""course"": ""breakfast""}","Soft wheat biscuits split and covered in a white gravy built on sausage drippings, flour and milk.",,why-the-egg-rolls|southern-hot-now,s:wp-biscuits-and-gravy,cited,medium,False,2026-09-16,https://nanobotco.github.io/pink-box/dish/biscuits-and-gravy/
boba,dish,Boba,bubble tea|pearl milk tea,socal|us,,,,,"{""course"": ""drink""}","Tea with milk and tapioca pearls, sealed under a film lid and drunk through a fat straw.",,socal-pink-box|mochi-donut,s:wp-bubble-tea,cited,medium,False,2026-09-16,https://nanobotco.github.io/pink-box/dish/boba/
breakfast-burrito,dish,Breakfast burrito,breakfast wrap,new-mexico|southwest,,,,,"{""course"": ""breakfast""}","Breakfast inside a flour tortilla: scrambled egg, potato, cheese, and in the Southwest, New Mexico chile, jalapeño, salsa, onion, chorizo or bacon.",,new-mexico-burrito-counter|egg-roll|why-the-egg-rolls,s:wp-breakfast-burrito,cited,high,False,2026-09-16,https://nanobotco.github.io/pink-box/dish/breakfast-burrito/
chicory-coffee,dish,Coffee with chicory,café au lait|New Orleans coffee,louisiana,LA,,,,"{""course"": ""drink"", ""state"": ""LA""}",Coffee blended with roasted chicory root and cut half-and-half with hot milk.,,cafe-du-monde|beignet|the-pot-of-coffee,s:wp-caf-du-monde,cited,high,False,2026-09-16,https://nanobotco.github.io/pink-box/dish/chicory-coffee/
egg-roll,dish,Egg roll,eggroll,socal|chinese-american|us,,,,,"{""course"": ""savory""}","A cylindrical deep-fried roll in a thick wheat skin — shredded cabbage, chopped meat, sometimes shrimp — eaten with the fingers out of a cellophane packet of duck sauce. Despite the name it generally has no egg in it, though egg white sometimes seals the seam.",,socal-pink-box|why-the-egg-rolls|fried-rice|the-fryer,s:wp-egg-roll|s:kqed-donuts-chinese,cited,high,False,2026-09-16,https://nanobotco.github.io/pink-box/dish/egg-roll/
fried-rice,dish,Fried rice and chow mein,chow mein|the hot case,socal|chinese-american,,,,,"{""course"": ""savory""}","Cooked rice stir-fried with egg, vegetables and meat, held hot in a steam table beside the donut case — with chow mein next to it in many shops.",,egg-roll|delta-grocery-counter|why-the-egg-rolls,s:wp-fried-rice|s:kqed-donuts-chinese,cited,high,False,2026-09-16,https://nanobotco.github.io/pink-box/dish/fried-rice/
klobasnek,dish,Klobasnek,klobásník|klobasniky|Texas kolache (as sold),texas|houston,TX,,,,"{""course"": ""savory"", ""state"": ""TX""}","Sausage — klobása, traditionally — wrapped in kolache dough and baked. Ham, egg, cheese, jalapeño and hot dog are all standard now, and in some Texas shops boudin, the Cajun pork-and-rice sausage.",,kolache|texas-kolache-counter|czech-stop,s:wp-klob-sn-k,cited,high,False,2026-09-16,https://nanobotco.github.io/pink-box/dish/klobasnek/
kolache,dish,Kolache,koláč|kolach|kolaches,texas,TX,,,,"{""course"": ""sweet"", ""state"": ""TX""}","A sweet bread with a well of fruit or cheese in the middle of puffy yeast dough — tvaroh, jam, poppy seed, or povidla, which is prune. Baked, not fried.",,klobasnek|texas-kolache-counter|czech-stop,s:wp-kolach-cake|s:wp-klob-sn-k,cited,high,False,2026-09-16,https://nanobotco.github.io/pink-box/dish/kolache/
the-pot-of-coffee,dish,The pot of coffee,drip coffee|the regular|bottomless cup,us,,,,,"{""course"": ""drink""}","Drip coffee from a glass pot on a warmer, in a paper cup or a mug, refilled by whoever is at the counter.",,dunkin-country|bill-rosenberg|chicory-coffee,s:wp-dunkin-donuts|s:wp-coffeehouse,cited,high,False,2026-09-16,https://nanobotco.github.io/pink-box/dish/the-pot-of-coffee/
cake-batter,kitchen,The batter and the depositor,depositor|the drop,us,,,,,"{""kind"": ""mix""}","A thick chemically-leavened batter dropped straight into hot fat through a hand-held or bench depositor, which forms the ring as it falls.",,cake-donut|yeast-raise|tulsa-mix-shop|adolph-levitt,s:wp-cake-doughnut|s:wp-doughnut-shop,cited,high,False,2026-09-16,https://nanobotco.github.io/pink-box/kitchen/cake-batter/
day-old-rack,kitchen,Day-old,the day-old rack|yesterday's,us,,,,,"{""kind"": ""hold""}","Yesterday's donuts, sold cheap the next morning, usually bagged rather than boxed and usually the rings rather than the filled ones.",,glazed-raised|cake-donut|day-old,s:wp-doughnut,tradition,medium,True,2026-09-16,https://nanobotco.github.io/pink-box/kitchen/day-old-rack/
filling-injector,kitchen,The filler,the injector|the nozzle|the pump,us,,,,,"{""kind"": ""finish""}","A hand pump or bench machine that pushes jam, custard or cream through a nozzle into the side of a fried round.",,bismarck|bavarian-cream|paczki|day-old,s:wp-jelly-doughnut|s:wp-p-czki|s:wp-fruit-preserves,cited,high,False,2026-09-16,https://nanobotco.github.io/pink-box/kitchen/filling-injector/
frying-fat,kitchen,What is in the kettle,shortening|lard|frying oil,us,,,,,"{""kind"": ""fry""}","The fat itself: lard, beef tallow, vegetable shortening, or liquid oils — canola, soybean, palm.",,the-fryer|paczki|cake-against-raised,s:wp-shortening|s:wp-trans-fat|s:wp-p-czki|s:wp-lard,cited,high,False,2026-09-16,https://nanobotco.github.io/pink-box/kitchen/frying-fat/
glaze-table,kitchen,The glaze table,the waterfall|the dip,us,,,,,"{""kind"": ""finish""}","A shallow pan of thin sugar glaze beside the fryer, where raised rings are dragged through face-down within a minute of coming out of the fat.",,glazed-raised|powdered-sugar|sprinkle-and-dip|southern-hot-now,s:wp-glaze-cooking|s:wp-powdered-sugar|s:wp-cake-doughnut,cited,high,False,2026-09-16,https://nanobotco.github.io/pink-box/kitchen/glaze-table/
hand-cut,kitchen,Cutting by hand,the bench|hand-cut|the cutter,us,,,,,"{""kind"": ""cut""}","Rolling sheeted dough and cutting rings with a two-ring cutter, rather than depositing or buying pre-formed shells.",,glazed-raised|allies-donuts|donut-holes,s:wp-doughnut,cited,high,False,2026-09-16,https://nanobotco.github.io/pink-box/kitchen/hand-cut/
proof-box,kitchen,The proof box,proofer|the cabinet,us,,,,,"{""kind"": ""raise""}",A warm humid cabinet where cut rings take their final rise before they go in the fat.,,yeast-raise|glazed-raised,s:wp-proofing-baking-technique,tradition,medium,False,2026-09-16,https://nanobotco.github.io/pink-box/kitchen/proof-box/
sprinkle-and-dip,kitchen,Dipping and sprinkles,jimmies|nonpareils|the dip,us,,,,,"{""kind"": ""finish""}","Icing in flat pans, sprinkles in bins: a donut is dipped face-down, then set in the sprinkles while the icing is still wet.",,glaze-table|the-case|jimmies,s:wp-sprinkles,cited,high,False,2026-09-16,https://nanobotco.github.io/pink-box/kitchen/sprinkle-and-dip/
the-2am-shift,kitchen,The night shift,the two o'clock|the night bake,us,,,,,"{""kind"": ""shift""}",The hours the work actually happens in: dough started in the small hours so the case is full when the door opens.,,yeast-raise|southern-hot-now|socal-pink-box|vernon-rudolph,s:wp-krispy-kreme|s:wp-doughnut,cited,high,False,2026-09-16,https://nanobotco.github.io/pink-box/kitchen/the-2am-shift/
the-case,kitchen,The case,the display|the tray,us,,,,,"{""kind"": ""hold""}","The glass case: trays by kind, tongs on a hook, and a layout that repeats across the country without anyone having agreed on it.",,sprinkle-and-dip|day-old-rack|the-dozen,s:this-project,inference,medium,False,2026-09-16,https://nanobotco.github.io/pink-box/kitchen/the-case/
the-fryer,kitchen,The kettle,the fryer|the vat|the flip,us,,,,,"{""kind"": ""fry""}","A shallow open kettle of hot fat with a screen, where every donut in the shop is cooked, turned once, and lifted out.",,glazed-raised|cake-donut|frying-fat|cake-against-raised,s:wp-doughnut|s:wp-cake-doughnut|s:wp-deep-frying,cited,high,False,2026-09-16,https://nanobotco.github.io/pink-box/kitchen/the-fryer/
yeast-raise,kitchen,The raise,proofing|the rise|bulk ferment,us,,,,,"{""kind"": ""raise""}","Baker's yeast fermenting a sweet dough until it is full of gas — once in bulk, once again after the rings are cut.",,glazed-raised|proof-box|cake-batter|the-2am-shift,s:wp-proofing-baking-technique|s:wp-baker-s-yeast|s:wp-cake-doughnut,cited,high,False,2026-09-16,https://nanobotco.github.io/pink-box/kitchen/yeast-raise/
allies-donuts,place,Allie's Donuts,Allie's Hand-Cut Do-nut Shop,new-england,RI,North Kingstown,41.59826,-71.49684,"{""state"": ""RI"", ""status"": ""open"", ""founded"": 1968, ""dough"": ""both""}","A shop on Route 2 in North Kingstown, Rhode Island, cutting its donuts by hand since 1968, and the state's landmark of the trade.",,dunkin-country|donuts-per-capita|hand-cut,s:wp-allie-s-donuts,cited,high,False,2026-09-16,https://nanobotco.github.io/pink-box/place/allies-donuts/
bobs-donuts,place,Bob's Donuts and Pastries,Bob's Donuts|Bob's on Polk,bay-area,CA,San Francisco,37.79182,-122.42128,"{""state"": ""CA"", ""status"": ""open"", ""founded"": 1953, ""dough"": ""both""}","A 24-hour counter on Polk Street in San Francisco, busiest after midnight, and two other locations.",,bay-area-late-counter|glazed-raised,s:wp-bob-s-donuts,cited,high,False,2026-09-16,https://nanobotco.github.io/pink-box/place/bobs-donuts/
cafe-du-monde,place,Café du Monde,Cafe du Monde,louisiana,LA,New Orleans,29.95756,-90.06185,"{""state"": ""LA"", ""status"": ""open"", ""dough"": ""choux"", ""styles"": [""louisiana-beignet""]}","An open-air coffee stand on Decatur Street in the French Quarter, selling café au lait cut with chicory and beignets three to an order under powdered sugar.",,beignet|louisiana-beignet|chicory-coffee,s:wp-caf-du-monde,cited,high,False,2026-09-16,https://nanobotco.github.io/pink-box/place/cafe-du-monde/
christys-donuts,place,Christy's Donuts,Christy's,socal|cambodian-american,CA,La Habra,33.93161,-117.94549,"{""state"": ""CA"", ""status"": ""unknown"", ""founded"": 1977, ""dough"": ""both"", ""styles"": [""socal-pink-box""]}","The La Habra shop Ted Ngoy bought in 1977, and the name he put on every shop he bought after it.",,ted-ngoy|socal-pink-box|the-donut-king,s:wp-ted-ngoy,cited,medium,True,2026-09-16,https://nanobotco.github.io/pink-box/place/christys-donuts/
czech-stop,place,Czech Stop and Little Czech Bakery,Czech Stop,texas,TX,West,31.80322,-97.09932,"{""state"": ""TX"", ""status"": ""open"", ""founded"": 1983, ""dough"": ""yeast"", ""counter"": ""kolaches"", ""styles"": [""texas-kolache-counter""]}","A combination deli, bakery and convenience store on Interstate 35 in West, Texas, selling kolaches, klobasniky and strudel to about 600 people a day.",,klobasnek|kolache|texas-kolache-counter,s:wp-czech-stop-and-little-czech-bakery|s:wp-west-texas,cited,medium,False,2026-09-16,https://nanobotco.github.io/pink-box/place/czech-stop/
donut-wheel,place,Donut Wheel,Jack's Donut Wheel,bay-area,CA,Livermore,37.68086,-121.77086,"{""state"": ""CA"", ""status"": ""open"", ""founded"": 1962, ""dough"": ""both""}","A Livermore landmark at the intersection of the city's four quadrants, trading since 1962.",,the-sign-outlives-the-owner|socal-pink-box,s:wp-donut-wheel,cited,high,False,2026-09-16,https://nanobotco.github.io/pink-box/place/donut-wheel/
doughnut-plant,place,Doughnut Plant,Doughnut Plant NYC,nyc,NY,New York,40.71634,-73.98854,"{""state"": ""NY"", ""status"": ""open"", ""founded"": 1994, ""dough"": ""both""}","A New York bakery that treats the donut as a thing to redesign: square filled donuts, crème brûlée donuts, shapes that do not come off a standard cutter.",,nyc-bodega-donut|the-price-of-a-dozen,s:wp-doughnut-plant,cited,high,False,2026-09-16,https://nanobotco.github.io/pink-box/place/doughnut-plant/
federal-donuts,place,Federal Donuts,Federal Donuts & Chicken,us,PA,Philadelphia,39.91879,-75.14676,"{""state"": ""PA"", ""status"": ""open"", ""founded"": 2011, ""dough"": ""cake""}","A Philadelphia counter selling donuts, coffee and fried chicken from the same window.",,why-the-egg-rolls|cake-donut,s:wp-federal-donuts,cited,high,False,2026-09-16,https://nanobotco.github.io/pink-box/place/federal-donuts/
leonards-bakery,place,Leonard's Bakery,Leonard's|Leonard's Malasadas,hawaii,HI,East Honolulu,21.28491,-157.81328,"{""state"": ""HI"", ""status"": ""open"", ""founded"": 1952, ""dough"": ""yeast"", ""styles"": [""hawaii-malasada""]}",A Portuguese bakery on Kapahulu Avenue in Honolulu that made the malasada an everyday Hawaiian habit rather than a Carnival one.,,malasada|hawaii-malasada|malasada-day,s:wp-leonard-s-bakery,cited,high,False,2026-09-16,https://nanobotco.github.io/pink-box/place/leonards-bakery/
pips-original,place,Pip's Original Doughnuts & Chai,Pip's Original,pacific-northwest,OR,Portland,45.54843,-122.61384,"{""state"": ""OR"", ""status"": ""open"", ""dough"": ""cake""}",A northeast Portland shop frying small cake donuts to order and serving house chai beside them.,,the-price-of-a-dozen|cake-donut,s:wp-pip-s-original-doughnuts-chai,cited,high,False,2026-09-16,https://nanobotco.github.io/pink-box/place/pips-original/
psycho-donuts,place,Psycho Donuts,,bay-area,CA,Campbell,37.28674,-121.94954,"{""state"": ""CA"", ""status"": ""open"", ""founded"": 2009, ""dough"": ""both""}","A Campbell, California shop themed on ""craziness"", with donut names punning on mental illness, a straitjacket on the wall and a padded cell in the room.",,novelty-donut-shop,s:wp-psycho-donuts,cited,medium,False,2026-09-16,https://nanobotco.github.io/pink-box/place/psycho-donuts/
randys-donuts,place,Randy's Donuts,the big donut|Big Donut Drive-In (original),socal,CA,Inglewood,33.96185,-118.37038,"{""state"": ""CA"", ""status"": ""open"", ""founded"": 1952, ""dough"": ""both"", ""styles"": [""socal-pink-box""]}","A drive-in donut counter on West Manchester Boulevard in Inglewood, under a 1950s rooftop donut big enough to be a landmark from the 405. Open around the clock.",,giant-donut-roof|socal-pink-box|the-donut-hole|russell-wendell,s:wp-randy-s-donuts|s:wp-big-donuts-of-southern-california,cited,high,False,2026-09-16,https://nanobotco.github.io/pink-box/place/randys-donuts/
round-rock-donuts,place,Round Rock Donuts,Lone Star Bakery,texas,TX,Round Rock,30.50954,-97.67991,"{""state"": ""TX"", ""status"": ""open"", ""founded"": 1926, ""dough"": ""both"", ""styles"": [""texas-kolache-counter""]}","A Texas counter trading since 1926, known for an outsized orange-yellow donut and a queue that starts early.",,texas-kolache-counter|kolache,s:wp-round-rock-donuts,cited,high,False,2026-09-16,https://nanobotco.github.io/pink-box/place/round-rock-donuts/
seaside-donuts,place,Seaside Donuts Bakery,Seaside Bakery|Seaside,socal|cambodian-american,CA,Newport Beach,33.60869,-117.92897,"{""state"": ""CA"", ""status"": ""open"", ""founded"": 1985, ""dough"": ""both"", ""styles"": [""socal-pink-box""]}","A Cambodian-American bakery in Newport Beach, open 24 hours, known for cheap selections and a beachside room that fills up at odd hours.",,socal-pink-box|ted-ngoy|the-donut-king,s:wp-seaside-donuts-bakery,cited,high,False,2026-09-16,https://nanobotco.github.io/pink-box/place/seaside-donuts/
the-donut-hole,place,The Donut Hole,Donut Hole La Puente,socal,CA,La Puente,34.03714,-117.95171,"{""state"": ""CA"", ""status"": ""open"", ""founded"": 1963, ""dough"": ""both"", ""styles"": [""socal-pink-box""]}","A drive-through bakery in La Puente shaped like two giant donuts: you drive in through one hole, order, and drive out through the other.",,giant-donut-roof|randys-donuts|socal-pink-box,s:wp-the-donut-hole|s:wp-big-donuts-of-southern-california,cited,high,False,2026-09-16,https://nanobotco.github.io/pink-box/place/the-donut-hole/
top-pot-doughnuts,place,Top Pot Doughnuts,Top Pot,pacific-northwest,WA,Seattle,47.61524,-122.34113,"{""state"": ""WA"", ""status"": ""open"", ""founded"": 2002, ""dough"": ""both""}","A Seattle coffee-and-donut company begun on Capitol Hill, now 17 cafés around Puget Sound.",,voodoo-doughnut|what-is-a-mom-and-pop,s:wp-top-pot-doughnuts,cited,high,False,2026-09-16,https://nanobotco.github.io/pink-box/place/top-pot-doughnuts/
voodoo-doughnut,place,Voodoo Doughnut,Voodoo,pacific-northwest,OR,Portland,45.52266,-122.67312,"{""state"": ""OR"", ""status"": ""open"", ""founded"": 2003, ""dough"": ""yeast""}","A Portland shop built on novelty donuts and a late-night queue, now with locations in several states.",,pink-box|socal-pink-box|top-pot-doughnuts,s:wp-voodoo-doughnut,cited,high,False,2026-09-16,https://nanobotco.github.io/pink-box/place/voodoo-doughnut/
adolph-levitt,person,Adolph Levitt,,nyc,NY,,,,"{""role"": ""inventor"", ""state"": ""NY""}",The Russian refugee who built the first automated donut machine in New York in 1920 and founded the Doughnut Corporation of America.,,doughnut-corporation-of-america|cake-batter|new-england-cider|national-dunking-association,s:wp-doughnut-shop|s:wp-cider-doughnut,cited,high,False,2026-09-16,https://nanobotco.github.io/pink-box/person/adolph-levitt/
bill-rosenberg,person,Bill Rosenberg,William Rosenberg,new-england,MA,,,,"{""role"": ""founder"", ""state"": ""MA""}","Opened the Open Kettle in Quincy, Massachusetts in 1948 and renamed it Dunkin' Donuts in 1950.",,dunkin|dunkin-country|the-pot-of-coffee,s:wp-dunkin-donuts,cited,high,False,2026-09-16,https://nanobotco.github.io/pink-box/person/bill-rosenberg/
elizabeth-gregory,person,Elizabeth Gregory,,new-england,ME,,,,"{""role"": ""cook"", ""state"": ""ME""}","Hanson Gregory's mother, who by the Smithsonian's account made the deep-fried dough the ring story starts from.",,hanson-gregory|olykoek|hole,s:wp-doughnut,cited,high,False,2026-09-16,https://nanobotco.github.io/pink-box/person/elizabeth-gregory/
hanson-gregory,person,Hanson Gregory,Captain Gregory,new-england,ME,,,,"{""role"": ""inventor"", ""state"": ""ME""}","The New England sailor who said he punched the first hole in a donut in 1847, at sixteen, aboard a lime-trading ship.",,hole|olykoek|elizabeth-gregory,s:wp-doughnut,cited,high,False,2026-09-16,https://nanobotco.github.io/pink-box/person/hanson-gregory/
ning-yen,person,Ning Yen,,socal|cambodian-american,CA,,,,"{""role"": ""founder"", ""state"": ""CA""}","Credited with Ted Ngoy for the pink donut box, after helping other Cambodians set up shops in Southern California.",,ted-ngoy|pink-box|socal-pink-box,s:wp-cambodian-americans,cited,medium,True,2026-09-16,https://nanobotco.github.io/pink-box/person/ning-yen/
russell-wendell,person,Russell C. Wendell,Russell Wendell,socal,CA,,,,"{""role"": ""founder"", ""state"": ""CA""}",The machine salesman who founded the Big Do-Nut Drive-In chain and put 22-foot donuts on its roofs.,,randys-donuts|giant-donut-roof|the-donut-hole,s:wp-big-donuts-of-southern-california|s:wp-randy-s-donuts,cited,high,False,2026-09-16,https://nanobotco.github.io/pink-box/person/russell-wendell/
ted-ngoy,person,Ted Ngoy,Bun Tek Ngoy|the Donut King,socal|cambodian-american,CA,,,,"{""role"": ""founder"", ""state"": ""CA""}","The Cambodian refugee who turned one La Habra donut shop into a trade for a community, and lost the fortune it made him.",,socal-pink-box|christys-donuts|ning-yen|winchells|the-donut-king|pink-box,s:wp-ted-ngoy|s:wp-the-donut-king|s:wp-cambodian-americans,cited,high,False,2026-09-16,https://nanobotco.github.io/pink-box/person/ted-ngoy/
vernon-rudolph,person,Vernon Rudolph,,the-south,NC,,,,"{""role"": ""founder"", ""state"": ""NC""}",Bought a yeast-raised recipe from a New Orleans chef and opened in Winston-Salem in 1937.,,krispy-kreme|southern-hot-now|the-2am-shift|hot-now,s:wp-krispy-kreme,cited,high,False,2026-09-16,https://nanobotco.github.io/pink-box/person/vernon-rudolph/
b-and-h-distributors,org,B & H Bakery Distributors,,socal|cambodian-american,CA,,,,"{""state"": ""CA"", ""status"": ""open""}",A Cambodian-American bakery supply business serving California donut shops.,,socal-pink-box|why-the-egg-rolls|pink-box,s:kqed-donuts-chinese,cited,high,False,2026-09-16,https://nanobotco.github.io/pink-box/org/b-and-h-distributors/
daylight-donuts,org,Daylight Donuts,Daylight Donut Flour Company,us|texas,OK,,,,"{""state"": ""OK"", ""status"": ""open"", ""founded"": 1954}",The Tulsa company that sells donut mix and a sign to roughly 950 independently owned shops in 13 countries.,,tulsa-mix-shop|mom-and-pop|cake-batter,s:wp-daylight-donuts,cited,high,False,2026-09-16,https://nanobotco.github.io/pink-box/org/daylight-donuts/
doughnut-corporation-of-america,org,Doughnut Corporation of America,DCA,nyc|us,NY,,,,"{""state"": ""NY"", ""status"": ""closed""}","Adolph Levitt's company: donut machines, mixes, the Mayflower shop in Times Square, and the National Dunking Association.",,adolph-levitt|national-dunking-association|cider-donut|cake-batter,s:wp-doughnut-shop|s:wp-national-dunking-association|s:wp-cider-doughnut,cited,high,False,2026-09-16,https://nanobotco.github.io/pink-box/org/doughnut-corporation-of-america/
dunkin,org,Dunkin',Dunkin' Donuts,new-england|us,MA,,,,"{""state"": ""MA"", ""status"": ""open"", ""founded"": 1948}","The Quincy, Massachusetts chain that paired coffee and donuts nationally, and the oldest surviving company using the short spelling.",,dunkin-country|bill-rosenberg|donut-spelling|mister-donut,s:wp-dunkin-donuts,cited,high,False,2026-09-16,https://nanobotco.github.io/pink-box/org/dunkin/
krispy-kreme,org,Krispy Kreme,"Krispy Kreme Doughnuts, Inc.",the-south|us,NC,,,,"{""state"": ""NC"", ""status"": ""open"", ""founded"": 1937}","The Winston-Salem company built on a bought yeast-raised recipe, a window you can watch the line through, and a lit sign.",,southern-hot-now|vernon-rudolph|hot-now|krispy-kreme-challenge,s:wp-krispy-kreme,cited,high,False,2026-09-16,https://nanobotco.github.io/pink-box/org/krispy-kreme/
mister-donut,org,Mister Donut,,new-england|us,MA,,,,"{""state"": ""MA"", ""status"": ""open"", ""founded"": 1956}","The chain founded by Harry Winokur, Bill Rosenberg's former partner, absorbed into Dunkin' in the United States and still large in Asia.",,dunkin|mochi-donut|mochinut,s:wp-mister-donut|s:wp-dunkin-donuts|s:wp-mochi-donut,cited,high,False,2026-09-16,https://nanobotco.github.io/pink-box/org/mister-donut/
mochinut,org,Mochinut,,us,,,,,"{""status"": ""open""}",A franchise selling mochi donuts and Korean corn dogs that spread rapidly across American strip malls in the 2020s.,,mochi-donut|why-the-egg-rolls|mister-donut,s:wp-mochinut|s:wp-mochi-donut,cited,medium,False,2026-09-16,https://nanobotco.github.io/pink-box/org/mochinut/
national-dunking-association,org,National Dunking Association,,nyc|us,NY,,,,"{""state"": ""NY"", ""status"": ""closed""}",A membership organisation started by the Doughnut Corporation of America in the 1930s to popularise donuts in North America.,,dunking|doughnut-corporation-of-america|the-pot-of-coffee,s:wp-national-dunking-association,cited,high,False,2026-09-16,https://nanobotco.github.io/pink-box/org/national-dunking-association/
salvation-army-lassies,org,The Salvation Army doughnut huts,Donut Girls|Doughnut Lassies,us,,,,,"{""status"": ""closed""}",The World War I canteens where Salvation Army volunteers fried donuts for American soldiers in France — and the reason there is a National Donut Day.,,national-donut-day|salvation-army,s:wp-national-donut-day,cited,high,False,2026-09-16,https://nanobotco.github.io/pink-box/org/salvation-army-lassies/
salvation-army,org,The Salvation Army,,us,,,,,"{""status"": ""open""}","The Christian charitable organisation whose World War I canteens fried donuts for American soldiers, and whose Chicago branch created National Donut Day in 1938.",,salvation-army-lassies|national-donut-day,s:wp-national-donut-day|s:wp-salvation-army,cited,high,False,2026-09-16,https://nanobotco.github.io/pink-box/org/salvation-army/
winchells,org,Winchell's Donut House,Winchell's,socal|us,CA,,,,"{""state"": ""CA"", ""status"": ""open"", ""founded"": 1948}","The Temple City, California chain founded by Verne Winchell on 8 October 1948.",,ted-ngoy|socal-pink-box|yum-yum-donuts,s:wp-winchell-s-donuts|s:wp-ted-ngoy,cited,high,False,2026-09-16,https://nanobotco.github.io/pink-box/org/winchells/
yum-yum-donuts,org,Yum Yum Donut Shops,Yum Yum Donuts,socal,CA,,,,"{""state"": ""CA"", ""status"": ""open""}","A Southern California donut chain, and since 2004 the owner of Winchell's.",,winchells|socal-pink-box,s:wp-yum-yum-donuts|s:wp-winchell-s-donuts,cited,medium,False,2026-09-16,https://nanobotco.github.io/pink-box/org/yum-yum-donuts/
fastnacht-day,event,Fastnacht Day,Fasnacht Day|Shrove Tuesday,pennsylvania-dutch,PA,Lancaster,40.0379,-76.3055,"{""when"": ""Shrove Tuesday"", ""status"": ""open"", ""state"": ""PA""}","Shrove Tuesday in Pennsylvania Dutch country, named after the donut rather than the fast.",,fastnacht|pennsylvania-fastnacht|paczki-day,s:wp-fasnacht-doughnut,cited,high,False,2026-09-16,https://nanobotco.github.io/pink-box/event/fastnacht-day/
krispy-kreme-challenge,event,Krispy Kreme Challenge,,the-south,NC,Raleigh,35.7796,-78.6382,"{""when"": ""February"", ""status"": ""open"", ""state"": ""NC"", ""founded"": 2004}","An annual charity run in Raleigh: 2.5 miles to a Krispy Kreme, a dozen donuts, and 2.5 miles back, inside an hour.",,krispy-kreme|the-dozen|southern-hot-now,s:wp-krispy-kreme-challenge,cited,high,False,2026-09-16,https://nanobotco.github.io/pink-box/event/krispy-kreme-challenge/
malasada-day,event,Malasada Day,Terça-feira Gorda,hawaii,HI,Honolulu,21.3069,-157.8583,"{""when"": ""Shrove Tuesday"", ""status"": ""open"", ""state"": ""HI""}","The Hawaiian observance of Shrove Tuesday, kept by eating malasadas.",,malasada|hawaii-malasada|leonards-bakery|fastnacht-day,s:wp-malassada,cited,medium,True,2026-09-16,https://nanobotco.github.io/pink-box/event/malasada-day/
national-donut-day,event,National Donut Day,National Doughnut Day,us,IL,Chicago,41.8781,-87.6298,"{""when"": ""first Friday in June"", ""status"": ""open"", ""founded"": 1938}","An American observance on the first Friday of June, with free donuts at many shops.",,salvation-army-lassies|salvation-army|glazed-raised,s:wp-national-donut-day,cited,high,False,2026-09-16,https://nanobotco.github.io/pink-box/event/national-donut-day/
orchard-season,event,Cider donut season,harvest season|apple picking,new-england|upstate-ny|upper-midwest,,,,,"{""when"": ""September to November or December"", ""status"": ""seasonal""}",The weeks when orchards and cider mills in the Northeast and Midwest run donut machines for the people who came to pick apples.,,cider-donut|new-england-cider|adolph-levitt,s:wp-cider-doughnut,cited,high,False,2026-09-16,https://nanobotco.github.io/pink-box/event/orchard-season/
paczki-day,event,Paczki Day,Fat Tuesday|Shrove Tuesday,chicago|detroit,MI,Hamtramck,42.3928,-83.0497,"{""when"": ""Shrove Tuesday"", ""status"": ""open"", ""state"": ""MI""}","The Tuesday before Lent, kept in Polish-American cities — Chicago, Milwaukee, Detroit, Windsor — as a day for eating pączki.",,paczki|chicago-polish-bakery|fastnacht-day,s:wp-p-czki|s:wp-fasnacht-doughnut|s:wp-hamtramck-michigan,cited,high,False,2026-09-16,https://nanobotco.github.io/pink-box/event/paczki-day/
bar,term,Bar,long john|finger doughnut|cream stick|éclair (as sold),us,,,,,"{""letter"": ""B"", ""part_of_speech"": ""noun""}","A rectangular raised donut, glazed or iced, sometimes filled.","the shape: a bar of dough, cut rectangular rather than rung",long-john|maple-bar|bar-or-long-john,s:wp-long-john-doughnut,cited,high,False,2026-09-16,https://nanobotco.github.io/pink-box/word/bar/
cruller-word,term,Cruller,kruller|crulla,us,,,,,"{""letter"": ""C"", ""part_of_speech"": ""noun""}","In North America: either a small loaf- or stick-shaped cake donut, or the choux ring sold as a French cruller.","Dutch kruller, from krullen, to curl",french-cruller|fry-cake,s:wp-cruller,cited,high,False,2026-09-16,https://nanobotco.github.io/pink-box/word/cruller-word/
day-old,term,Day-old,yesterday's|seconds,us,,,,,"{""letter"": ""D"", ""part_of_speech"": ""adjective""}","Yesterday's donuts, sold cheap.",plain description: a donut a day old,day-old-rack|glazed-raised,s:this-project,tradition,medium,False,2026-09-16,https://nanobotco.github.io/pink-box/word/day-old/
donut-spelling,term,Donut / doughnut,donut|doughnut,us,,,,,"{""letter"": ""D"", ""part_of_speech"": ""noun""}","Two spellings of the same word. Doughnut is the older form and still dominates in print; donut is American, shorter, and on more signs.","dough + nut, where nut carries the older sense of a small rounded cake or cookie, as in ginger nut",hole|dunkin,s:wp-doughnut,cited,high,False,2026-09-16,https://nanobotco.github.io/pink-box/word/donut-spelling/
dunking,term,Dunking,dunk,us,,,,,"{""letter"": ""D"", ""part_of_speech"": ""verb""}","Putting a donut in coffee. For twenty-odd years, an organised pastime with officers.","dunk, from Pennsylvania German dunke, to dip, from Middle High German dunken",national-dunking-association|the-pot-of-coffee|doughnut-corporation-of-america,s:wp-national-dunking-association,cited,high,False,2026-09-16,https://nanobotco.github.io/pink-box/word/dunking/
fry-cake,term,Fry cake,fried cake,us,,,,,"{""letter"": ""F"", ""part_of_speech"": ""noun""}","An older American name for the cake donut, still on some signs and menus.",fried + cake: a cake cooked in fat rather than an oven,cake-donut|old-fashioned|cruller-word,s:wp-old-fashioned-doughnut,cited,high,False,2026-09-16,https://nanobotco.github.io/pink-box/word/fry-cake/
hole,term,The hole,the middle|the ring,us,,,,,"{""letter"": ""T"", ""part_of_speech"": ""noun""}","The absence in the middle of a ring donut, and the argument about who first made one.","the ordinary English word, applied to the absence and then sold as the piece removed",donut-holes|hanson-gregory|olykoek,s:wp-doughnut,cited,high,False,2026-09-16,https://nanobotco.github.io/pink-box/word/hole/
hot-now,term,Hot now,hot light|hot doughnuts now,us,,,,,"{""letter"": ""H"", ""part_of_speech"": ""phrase""}",A lit sign saying donuts are coming out of the fryer at that moment.,two words on a lit sign; plain description turned into a signal,southern-hot-now|krispy-kreme|the-2am-shift,s:wp-krispy-kreme,cited,high,False,2026-09-16,https://nanobotco.github.io/pink-box/word/hot-now/
jimmies,term,Jimmies,sprinkles|hundreds and thousands|nonpareils,us,,,,,"{""letter"": ""J"", ""part_of_speech"": ""noun""}","The long rod-shaped sprinkles, above all the chocolate ones. The tiny balls are nonpareils.",uncertain; Just Born Candy Company says it named them after an employee,sprinkle-and-dip|dunkin-country,s:wp-sprinkles,cited,high,False,2026-09-16,https://nanobotco.github.io/pink-box/word/jimmies/
mom-and-pop,term,Mom-and-pop,independent|family shop,us,,,,,"{""letter"": ""M"", ""part_of_speech"": ""noun""}","A shop owned and worked by the family that runs it, as against a franchise or a company-owned store.",American English for a business run by a married couple or a family,tulsa-mix-shop|what-is-a-mom-and-pop|daylight-donuts,s:wp-daylight-donuts|s:wp-spudnut-shops,cited,high,False,2026-09-16,https://nanobotco.github.io/pink-box/word/mom-and-pop/
olykoek,term,Olykoek,oly koek|oliekoek|oil cake,us,,,,,"{""letter"": ""O"", ""part_of_speech"": ""noun""}","The Dutch fried dough ball that came to New Amsterdam, and the American donut's direct ancestor: sweetened dough fried in fat, with no hole.","Dutch oliekoek, oil cake",hole|glazed-raised,s:wp-doughnut,cited,high,False,2026-09-16,https://nanobotco.github.io/pink-box/word/olykoek/
powdered-sugar,term,Powdered sugar,confectioner's sugar|icing sugar|10X,us,,,,,"{""letter"": ""P"", ""part_of_speech"": ""noun""}","Sugar ground fine and cut with a little starch to stop it caking. The base of every glaze and the finish on beignets, malasadas and pączki.","sugar ground to a powder; confectioner's sugar in the trade, icing sugar in Britain",glaze-table|beignet,s:wp-powdered-sugar,cited,high,False,2026-09-16,https://nanobotco.github.io/pink-box/word/powdered-sugar/
the-dozen,term,The dozen,a dozen|half dozen|baker's dozen,us,,,,,"{""letter"": ""T"", ""part_of_speech"": ""noun""}","The unit donuts are sold in, and the reason for the box.","from Old French dozeine, twelve; a baker's dozen is thirteen",pink-box|the-case|the-price-of-a-dozen,s:this-project,tradition,medium,False,2026-09-16,https://nanobotco.github.io/pink-box/word/the-dozen/
anthora-cup,art,The Anthora cup,We Are Happy To Serve You|the Greek cup,nyc,NY,,,,"{""kind"": ""print"", ""state"": ""NY""}","The blue-and-white paper coffee cup with a Greek meander border and the words ""We Are Happy To Serve You"", designed for New York's Greek-run coffee shops.",,nyc-bodega-donut|bacon-egg-and-cheese|the-pot-of-coffee,s:wp-anthora|s:wp-greek-americans,cited,high,False,2026-09-16,https://nanobotco.github.io/pink-box/art/anthora-cup/
giant-donut-roof,art,The donut on the roof,big donut|programmatic architecture,socal,CA,,,,"{""kind"": ""sign"", ""state"": ""CA""}","Oversize donuts built on or around Southern California shops to catch drivers: roadside novelty architecture, most of it from the decade after the Second World War.",,randys-donuts|the-donut-hole|russell-wendell|neon-donut,s:wp-big-donuts-of-southern-california|s:wp-randy-s-donuts|s:wp-the-donut-hole,cited,high,False,2026-09-16,https://nanobotco.github.io/pink-box/art/giant-donut-roof/
hand-lettered-board,art,The hand-lettered board,the menu board|marker on card,us,,,,,"{""kind"": ""sign""}","The menu written by hand — on card, on a whiteboard, on the glass — and updated by writing over it.",,why-the-egg-rolls|socal-pink-box|the-case,s:this-project,inference,medium,False,2026-09-16,https://nanobotco.github.io/pink-box/art/hand-lettered-board/
mr-spudnut,art,Mr. Spudnut and the mascots,Dunkie|Mr. Spudnut,us,,,,,"{""kind"": ""mascot""}",The cartoon characters donut companies used to sell themselves in the middle of the twentieth century.,,spudnut|dunkin|neon-donut,s:wp-spudnut-shops|s:wp-dunkin-donuts,cited,high,False,2026-09-16,https://nanobotco.github.io/pink-box/art/mr-spudnut/
neon-donut,art,Neon and the lit sign,the hot sign|the neon ring,us,,,,,"{""kind"": ""neon""}","Signs that advertise by light: a neon ring, a lit arrow, a plastic panel with DONUTS in red, and the hot sign that says the fryer is going.",,hot-now|spudnut|the-sign-outlives-the-owner|giant-donut-roof,s:wp-krispy-kreme|s:wp-spudnut-shops,cited,high,False,2026-09-16,https://nanobotco.github.io/pink-box/art/neon-donut/
pink-box,art,The pink box,the box|1-dozen pink,socal|us,CA,,,,"{""kind"": ""box"", ""state"": ""CA""}","The matte pink paperboard box a dozen donuts go into: the most recognisable object in the American trade, and the cheapest.",,ted-ngoy|ning-yen|socal-pink-box|voodoo-doughnut|the-dozen,s:wp-cambodian-americans|s:wp-voodoo-doughnut,cited,high,False,2026-09-16,https://nanobotco.github.io/pink-box/art/pink-box/
bar-or-long-john,story,Bar or Long John,what to call it|the word map,us,,,,,"{""kind"": ""map""}","One rectangular raised donut, at least five names, and a map of the country hiding inside a bakery case.",,bar|long-john|maple-bar|bismarck|jimmies|bear-claw,s:wp-long-john-doughnut|s:wp-sprinkles|s:wp-bear-claw|s:wp-klob-sn-k,cited,high,False,2026-09-16,https://nanobotco.github.io/pink-box/story/bar-or-long-john/
cake-against-raised,story,Cake against raised,cake vs yeast|the two doughs,us,,,,,"{""kind"": ""essay""}","Two doughs, one kettle, and an argument every shop settles twice a day. Raised dough is lifted by yeast and takes about 150 seconds at 182 to 190 °C; cake batter is lifted by baking powder or soda and takes about 90 seconds at 190 to 198 °C. Yeast rings average 38 grams, cake rings 24 to 28. The fat numbers are where the published accounts stop agreeing, and this page lays both out rather than picking one.",,glazed-raised|cake-donut|the-fryer|yeast-raise|cake-batter|old-fashioned,s:wp-doughnut|s:wp-cake-doughnut|s:wp-old-fashioned-doughnut,cited,high,False,2026-09-16,https://nanobotco.github.io/pink-box/story/cake-against-raised/
donuts-per-capita,story,Where the shops actually are,donuts per capita|the density map,us,,,,,"{""kind"": ""map""}","Donut shops are not spread evenly, and the places with the most of them are not the places with the most famous ones.",,the-counter|dunkin-country|socal-pink-box|what-is-a-mom-and-pop,s:wp-doughnut-shop|s:kqed-donuts-chinese|s:wp-doughnut,cited,high,False,2026-09-16,https://nanobotco.github.io/pink-box/story/donuts-per-capita/
free-to-use,story,Where all of this came from,sources|resources,us,,,,,"{""kind"": ""resources""}","What this site is built from, what each thing is licensed under, and what it does not cover.",,what-is-a-mom-and-pop|donuts-per-capita|the-price-of-a-dozen,s:this-project|s:wp-doughnut|s:kqed-donuts-chinese,inference,high,False,2026-09-16,https://nanobotco.github.io/pink-box/story/free-to-use/
the-counter,story,The counter,what else is in the case,us,,,,,"{""kind"": ""map""}","What a donut shop sells besides donuts, region by region, and what this project can show evidence for. Egg rolls in Southern California, klobasniky in Texas, breakfast burritos in New Mexico, bacon egg and cheese in New York, biscuits and gravy in the South, boba almost anywhere after 2015.",,why-the-egg-rolls|egg-roll|klobasnek|breakfast-burrito|bacon-egg-and-cheese|biscuits-and-gravy|boba,s:kqed-donuts-chinese|s:wp-klob-sn-k|s:wp-breakfast-burrito|s:wp-bacon-egg-and-cheese-sandwich,cited,high,False,2026-09-16,https://nanobotco.github.io/pink-box/story/the-counter/
the-donut-king,story,The Donut King,Ted Ngoy's story,socal|cambodian-american,,,,,"{""kind"": ""essay""}","How one man's shop in La Habra became a trade for a community, and what happened to the man. Ted Ngoy fled the Khmer Rouge in 1975, trained at a chain, bought a shop in 1977, and by the mid-1980s had leased shops to more than a hundred sponsored families. He also gambled it away.",,ted-ngoy|christys-donuts|pink-box|socal-pink-box|winchells|why-the-egg-rolls|ning-yen,s:wp-ted-ngoy|s:kqed-donuts-chinese|s:wp-cambodian-americans|s:wp-the-donut-king,cited,high,False,2026-09-16,https://nanobotco.github.io/pink-box/story/the-donut-king/
the-franchise-that-vanished,story,The franchise that vanished,Spudnut,us,,,,,"{""kind"": ""essay""}",Between 1940 and 1968 a Salt Lake City potato-flour company put more than three hundred shops on American streets. The company is gone. Some of the shops are not.,,spudnut|tulsa-mix-shop|daylight-donuts|mr-spudnut|the-sign-outlives-the-owner,s:wp-spudnut-shops|s:wp-daylight-donuts,cited,high,False,2026-09-16,https://nanobotco.github.io/pink-box/story/the-franchise-that-vanished/
the-price-of-a-dozen,story,The price of a dozen,what donuts cost,us,,,,,"{""kind"": ""essay""}","A price without its date is not a price. This page holds the dated ones this project can actually cite, which is not many, and says plainly what is missing.",,the-dozen|allies-donuts|spudnut|krispy-kreme-challenge|pips-original,s:wp-allie-s-donuts|s:wp-spudnut-shops|s:wp-krispy-kreme-challenge,cited,high,False,2026-09-16,https://nanobotco.github.io/pink-box/story/the-price-of-a-dozen/
the-sign-outlives-the-owner,story,The sign outlives the owner,reading a donut shop sign,us,,,,,"{""kind"": ""essay""}","Donut shop signs are older than the businesses behind them, which makes them unreliable evidence and excellent evidence at the same time.",,donut-wheel|randys-donuts|christys-donuts|spudnut|winchells|mom-and-pop,s:wp-donut-wheel|s:wp-randy-s-donuts|s:wp-spudnut-shops|s:wp-winchell-s-donuts|s:wp-ted-ngoy,cited,high,False,2026-09-16,https://nanobotco.github.io/pink-box/story/the-sign-outlives-the-owner/
what-is-a-mom-and-pop,story,What counts as a mom-and-pop,the independence line,us,,,,,"{""kind"": ""essay""}","This site is about independent donut shops, which means it needs a rule for what that is. The rule used here: a shop is independent when no company owns it. The name on the window is not the test, and neither is whose flour is in the mixer.",,mom-and-pop|tulsa-mix-shop|daylight-donuts|top-pot-doughnuts|spudnut,s:wp-daylight-donuts|s:wp-spudnut-shops|s:wp-top-pot-doughnuts|s:wp-blue-star-donuts,cited,high,False,2026-09-16,https://nanobotco.github.io/pink-box/story/what-is-a-mom-and-pop/
why-the-egg-rolls,story,Why the egg rolls,the second menu|donuts and Chinese food,us,,,,,"{""kind"": ""essay""}","A donut shop that also sells egg rolls, or breakfast burritos, or bacon egg and cheese, or kolaches, is not being eccentric. It is doing arithmetic out loud. The people running those shops have said so in print, repeatedly, and this page collects what they said.",,egg-roll|socal-pink-box|breakfast-burrito|klobasnek|bacon-egg-and-cheese|the-counter|b-and-h-distributors|ted-ngoy,s:kqed-donuts-chinese|s:wp-ted-ngoy|s:wp-egg-roll|s:wp-klob-sn-k|s:wp-breakfast-burrito,cited,high,False,2026-09-16,https://nanobotco.github.io/pink-box/story/why-the-egg-rolls/
